ISO,PIQIC,PIQIA,PIQMC,PIQMA,PISIC,PISIA,PISMC,PISMA,VIC,VIA,VMC,VMA,SVIC,SVIA,SVMC,SVMA,FWA,FWC,MA,MC,Continent,LABEL,Classification
ATG,0.26013033102024774,0.01013033102024775,1.350239266001471,0.9455015158508611,0.10552634256896277,0.05276317128448139,0.00776971074393694,0.007769510272423558,0.1344507168474118,0.005235953309373471,0.6978833899046182,0.48869101918210334,0.05454224560833022,0.02727112280416511,0.004015845346147071,0.00401574173063028,NA,NA,3771.7,3771.7,Americas,SIDS,High income
AFG,1.5536890971865929,1.4563744645937775,NA,NA,1.1972263799699494,0.637429136770241,NA,NA,1.3688224508423776,1.2830868592560478,NA,NA,1.054773667789213,0.5615842415397956,NA,NA,6975,6975,NA,NA,Asia,NA,Low income
DZA,1.7180129927668037,1.569081878246436,1.3371159530426284,0.6868667603715523,0.5046589979608483,0.538087965754465,0.5915027776098315,0.5899697604820291,1.1575088891233332,1.0571667557109752,0.9008800328936404,0.4627755343648531,0.3400133052399132,0.3625360262776703,0.39852418224258235,0.3974913140628418,1653.14,1653.14,115072.34,115072.34,Africa,NA,Lower middle income
AZE,1.3087996029820057,1.3682375163428706,1.4255490597322151,0.7004573255068167,1.0460253157743675,0.5995026770444065,0.7343196005527866,0.7282413311194146,0.8587638508670122,0.8977638102565002,0.935368560126555,0.4596023935594916,0.6863455079235141,0.3933613873130244,0.4818209957437672,0.47783276251591716,2473.65,2473.65,NA,NA,Asia,NA,Upper middle income
ALB,1.4002663663418375,1.2494694924850174,0.1294728322716694,0.07675626925498655,1.5761056722885907,1.1287796208595642,1.25615906263182,1.6068130498333846,0.813382080048081,0.7257876923867942,0.07520774914987706,0.04458592696649145,0.9155230325575876,0.6556817602705313,0.729673507694098,0.9333602321223087,2947.3,2947.3,9607.9,9607.9,Europe,NA,Upper middle income
ARM,1.5463955962790255,1.3950958009401346,NA,NA,1.1272385795156874,0.6278168562420015,NA,NA,0.9333149976069619,0.8419991865270322,NA,NA,0.6803360502801948,0.3789139655409283,NA,NA,15403.3,15403.3,NA,NA,Asia,NA,Upper middle income
AND,0.8058549688545916,0.8059801431476373,NA,NA,0.6373843708315693,0.31869218541578465,NA,NA,0.3755045301190096,0.37556285762942987,NA,NA,0.2970022248724207,0.14850111243621034,NA,NA,NA,NA,NA,NA,Europe,NA,High income
AGO,1.229146568058828,1.3120217770986733,1.1892389287820855,0.6211191518623737,0.4985233401435344,0.3090596889678631,0.2942989222622782,0.290509352898843,0.9631086745224492,1.0280462782251478,0.9318386904815353,0.48668340994956744,0.39062237638787756,0.2421664552668001,0.23060052584375137,0.22763117522156073,24454.5,24454.5,420674.1,420674.1,Africa,NA,Lower middle income
ARG,1.905805373596122,1.4915318268125952,1.2528072717400387,0.6741118921713674,0.49517924462642426,0.4578984042168528,0.6646495285925359,0.6785392787446091,1.0380969439536083,0.8124411089795912,0.6824072479668646,0.36719043027222614,0.26972537053244944,0.24941840370709517,0.36203625721245153,0.36960203878958015,24858.023,24858.023,882642.851,882642.851,Americas,NA,Upper middle income
AUS,2.5550631834897253,2.1732365684082513,2.190549008430414,1.9725116164610854,0.47142774258396,0.7796991282198225,0.949291023321313,0.977902403817159,0.6416515930568187,0.5457636880446624,0.5501113514573335,0.49535574274788796,0.11838938621745992,0.1958054074592217,0.23839492554416025,0.24558008557986635,2553.284,2553.284,281725.221,281725.221,Oceania,NA,High income
AUT,2.211675316019647,1.9079476484365254,NA,NA,0.851882543256619,0.6632470332919634,NA,NA,0.6414877431572257,0.553392725502033,NA,NA,0.24708518748231656,0.19237219833329613,NA,NA,4015.313,4015.313,NA,NA,Europe,NA,High income
ATA,1.638077196843107,1.638077196843107,0.7731802700938953,0.417696721148885,7.976220114345018e-5,7.976220114345018e-5,3.9386978654085575e-4,3.9386978654085575e-4,NA,NA,NA,NA,NA,NA,NA,NA,NA,NA,NA,NA,Antartica,NA,NA
BHR,0.12489196001950448,-2.1607996099098567e-4,NA,NA,0.17737873138269666,0.08868936569134833,0.10731583339119233,0.10691667919468935,0.06416230582120937,-1.1100945598718629e-4,NA,NA,0.09112699013913583,0.045563495069567916,0.055132702861163355,0.054927640392595775,NA,NA,15123.374,15123.374,Asia,SIDS,High income
BRB,0.26554662344802304,0.2298833860093645,1.2898235031062786,0.8553363337027202,0.11696033196035918,0.05853050718796855,0.058600099480183215,0.05957618995475185,0.12122679253492838,0.1049458855139194,0.5888275444343763,0.39047636504277267,0.05339448761678606,0.02672022547192672,0.02675199560050449,0.02719759839491928,18.05,18.05,2195.4,2195.4,Americas,SIDS,High income
BWA,1.375633728297021,1.4652396894349626,NA,NA,0.5213661709030494,0.3032349951750384,NA,NA,0.7571715039842609,0.8064921036214641,NA,NA,0.2869685437546508,0.16690554515668973,NA,NA,275.1,275.1,NA,NA,Africa,NA,Upper middle income
BMU,0.5400868030372634,0.33205596465453835,1.4358279679468886,1.0296440031380236,NA,NA,0.0048405504940338935,0.0048405504940338935,0.15987453235840227,0.09829399971896684,0.42502857620608403,0.3047914753176578,NA,NA,0.0014328821630872318,0.0014328821630872318,NA,NA,458.3,458.3,Americas,SIDS,High income
BEL,2.8734716556372275,3.2585971531825626,1.2856481110462958,1.440545270206147,1.4053868379297931,1.2272754466042086,1.254058647557144,1.2680195478441592,0.8871302081890107,1.00603044586702,0.3969196195733417,0.44474119762294034,0.43388669440077293,0.37889815976270985,0.3871669681884803,0.391477132986462,541.2,541.2,26371.4,26371.4,Europe,NA,High income
BHS,0.5106902104308427,0.49250999889942315,1.8130954086134665,1.5657207553681098,0.16108805393302972,0.45717348320266843,0.4545385685569096,0.4538992991109617,0.2302286258247491,0.2220326490220005,0.8173770632142712,0.7058559779902089,0.07262148468147855,0.20610229186196205,0.20491442343278896,0.2046262289010235,0.8,0.8,14312.292,14312.292,Americas,SIDS,High income
BGD,2.2160818920067644,2.1554026284449224,1.8456845748622288,1.8261224477151996,1.2431444855311908,0.708960760177501,1.6769652825237789,1.1559428193457384,1.6534764151148655,1.6082020362446923,1.3771133301903662,1.3625175176512363,0.9275424770266806,0.5289740872950673,1.2512274720626801,0.8624790428113511,3049421.1,3049421.1,845953.9,845953.9,Asia,NA,Lower middle income
BLZ,1.0276790332316061,1.0917976654746264,1.5236168486514388,1.1648052617904399,1.5675232357338025,0.7844662787672774,0.44286731682360464,0.4204476807980633,0.6556755718684564,0.6965842792604567,0.9720917876533198,0.7431642871395551,1.0001047610895684,0.5005019654092089,0.2825563934169746,0.26825230897350366,159.3,159.3,184809.72,184809.72,Americas,SIDS,Lower middle income
BIH,1.297255172762345,1.3617641000841347,NA,NA,1.5790687795841674,1.1080979227275438,0.9291939131183238,0.9291939131183238,0.7894845099070745,0.8287434004789485,NA,NA,0.9609908426150119,0.674367051156765,0.5654895170275402,0.5654895170275402,5105.845,5105.845,NA,NA,Europe,NA,Upper middle income
BOL,1.6532672388187764,1.3691623862582252,NA,NA,1.3501346090019808,0.8073924451443287,NA,NA,1.1115175351364268,0.9205093798765276,NA,NA,0.9077167063278175,0.5428226238583134,NA,NA,9981.45,9981.45,NA,NA,Americas,NA,Lower middle income
MMR,1.8278878561736205,1.782799661052185,1.293779389677906,0.7961947612919947,1.1017666487577342,0.6135898133501667,0.8876977870042301,0.8002000943815754,1.4617413268189932,1.425684805113856,1.034620803071421,0.6367079812071066,0.8810703772447811,0.49068086144333944,0.7098819200572429,0.6399110009574384,1862224.749,1862224.749,1323565.436,1323565.436,Asia,NA,Lower middle income
BEN,1.3785781979827985,1.5139662470609254,1.1722744049706304,0.6349412219361817,1.1558943305424385,0.66230843043094,0.7849783450582644,0.7818302095271298,1.0398857531635755,1.142011337037572,0.8842671778148032,0.47894731815274644,0.8719113999136585,0.49959088429879356,0.5921229559283917,0.589748261991809,33922.611,33922.611,19195.97,19195.97,Africa,NA,Lower middle income
BLR,1.9823864106362583,1.7418599455850916,NA,NA,1.2614375578461812,0.7903223915655001,NA,NA,1.2098037488818632,1.0630161107287095,NA,NA,0.7698256395799666,0.4823151465381286,NA,NA,13860.3,13860.3,NA,NA,Europe,NA,Upper middle income
SLB,1.3162667396901642,1.3292404962489683,1.2228868253254315,0.7334998398827884,0.15723330815454192,0.18318552877050076,0.15113824026009612,0.1511388207677068,0.9703810641979334,0.9799456055758768,0.901539318111353,0.540752367093936,0.11591588565876919,0.13504843888695578,0.11142246628454479,0.11142289424764379,1.374,1.374,67255.62,67255.62,Oceania,SIDS,Lower middle income
BRA,2.087113446508924,1.7576376852960762,1.449476993616411,0.9089089070806531,1.193132104009545,0.8446209656942435,0.5056263017928052,0.5953206778391775,1.229467170537693,1.0353811075224402,0.853851227436587,0.5354158702461215,0.7028447612409303,0.4975454260073329,0.297852011664465,0.35068876134634475,715228.78,715228.78,655227.281,655227.281,Americas,NA,Upper middle income
BTN,1.7653461511379485,1.642223396108157,NA,NA,0.7444987148687144,0.405154374078792,NA,NA,1.1078782819119462,1.030610134688387,NA,NA,0.46722505758019484,0.25426273004542715,NA,NA,154.703,154.703,NA,NA,Asia,NA,Lower middle income
BGR,1.4096702761036897,1.3191315933395458,1.4125583940980913,0.7767711998896615,0.9152765504462337,0.7426595206157105,0.8118955239768706,0.800384106816616,0.7609812692464439,0.7121058386626388,0.7625403598610151,0.41932382602258844,0.4940930676322563,0.4009093432672541,0.4382849640833173,0.4320707642169143,10759.853,10759.853,11489.478,11489.478,Europe,NA,Upper middle income
BRN,1.5031308899439406,1.4433814721174356,1.2617344569484434,0.7665515154446457,1.0570081241170868,0.530303296521077,0.41908920093045215,0.4123607544177848,0.6558719768260143,0.6298010810402621,0.5505417246392537,0.3344749689712033,0.4612120025766259,0.23139107427936792,0.18286422328194027,0.17992835153267708,17.861,17.861,8239.562,8239.562,Asia,NA,High income
BDI,1.5984662324061665,1.6735580078719174,NA,NA,0.8472850711154692,0.4248796980726691,NA,NA,1.443778797917643,1.5116037610713817,NA,NA,0.7652912502425772,0.3837630644343181,NA,NA,19334.04,19334.04,NA,NA,Africa,NA,Low income
CAN,3.1898493084353308,2.4255716218095045,1.8538780360691804,1.3976164692313773,0.48245992230538076,0.5318600117380511,0.44506055909874576,0.4548302892670351,0.8831410553930615,0.6715432846158644,0.5132643103279512,0.38694382220743895,0.13357375968917704,0.1472506587836612,0.12321937930951664,0.12592422489231964,46037.103,46037.103,1121964.777,1121964.777,Americas,NA,High income
KHM,1.7028538807066897,1.5241688518434289,1.2736503782070157,0.7679515113055281,1.4151327780442764,0.7702066498525473,0.6138101485712439,0.5951188997983761,1.2980446201140228,1.1618373136394249,0.9708730972570008,0.585390995112795,1.0787217330268308,0.5871100330712106,0.4678927359249622,0.4536448458460054,668861.6,668861.6,137838.9,137838.9,Asia,NA,Lower middle income
TCD,1.8402222839334408,1.9931295678896646,NA,NA,0.48088114466116755,0.3137888005259628,NA,NA,1.7053247741210529,1.8470231883565051,NA,NA,0.44563014835659914,0.29078650989643606,NA,NA,113483.8,113483.8,NA,NA,Africa,NA,Low income
LKA,2.1034476152465906,1.7518806663549735,1.4321885697457366,0.974027677544198,1.0916134260635701,0.6786734737639769,0.7965855452409228,0.791145774300385,1.2608985406713422,1.0501539280684042,0.8585164966643934,0.5838748102338635,0.6543608530699921,0.4068265767393638,0.4775082318351037,0.4742473951064902,95289.919,95289.919,434244.871,434244.871,Asia,NA,Lower middle income
COG,1.5701704762005295,1.5640543689015558,1.1868690113532643,0.6077047455976412,0.4187889450485451,0.25785907710907824,0.31776285445515623,0.2735908968631432,1.2550287131634672,1.25014014189726,0.9486579391154275,0.48573509463525,0.33473572376878463,0.20610535647365943,0.2539861195728362,0.21867971435449263,40975.9,40975.9,NA,NA,Africa,NA,Lower middle income
COD,1.599805728606995,2.036273940877925,1.3724413290347723,0.8986442870256887,0.15296081017579122,0.17554669970870768,0.7068382923488865,0.6698353366386451,1.4766260039190295,1.879487614299994,1.2667679075449692,0.8294516632659131,0.14118333610591888,0.1620301872013871,0.6524140927766918,0.6182602416892957,251137.55,251137.55,5963.5,5963.5,Africa,NA,Low income
CHN,3.6723005415200802,3.3535185934890954,2.4455363914156236,2.4268804784824622,1.2238971525801174,0.7318245900304303,0.7570626721493643,0.7512988440087904,2.287256836540184,2.088706586702066,1.523178663355762,1.511559008614593,0.7622924915350726,0.4558098602688035,0.4715291553578159,0.46793921080667816,30308325.8,30308325.8,47927048.6,47927048.6,Asia,NA,Upper middle income
CHL,1.8137470341195525,1.6162174982260398,1.1864472102713628,0.7500532399421804,0.6074299630348103,0.5008827979812637,0.5146781069119514,0.5265644201314855,0.7836796227232462,0.6983315178036037,0.5126373659807857,0.324081268800295,0.2624569332475822,0.21642028064904176,0.22238092581883523,0.22751673653787338,26879.609,26879.609,4170492.493,4170492.493,Americas,NA,High income
CYM,0.16677673396974116,2.2013460614901632e-4,1.427930062347077,1.096218567738802,NA,NA,0.0019376410175838952,0.001115076646890761,0.06490744288342415,8.567366703484392e-5,0.5557327257657715,0.4266347132458224,NA,NA,7.541059276303186e-4,4.3397404449612104e-4,NA,NA,137.5,137.5,Americas,SIDS,High income
CMR,1.6282764652001303,1.7112914764652858,1.2643663791109505,0.5859745185209181,0.6028650025334082,0.4233742119398496,0.5843313563808518,0.5473168510226307,1.3039933949041724,1.3704753644475653,1.0125586424274338,0.46927344223421796,0.482800063824437,0.33905616628467805,0.46795752775458455,0.43831472965835777,51549.1,51549.1,193825.782,193825.782,Africa,NA,Lower middle income
COL,2.035024912708863,2.0613793044098148,1.3989444200707215,0.9892161678364418,0.6934543929968113,0.45810170865886374,0.4816472846611557,0.4748187932712026,1.2277845786453072,1.24368488311231,0.8440203235931883,0.5968203869305396,0.41837945294831536,0.27638492768804945,0.2905905990439121,0.2864707888284997,127432.48,127432.48,78108.28,78108.28,Americas,NA,Upper middle income
CRI,2.035155422647647,1.855724196391179,1.3717438747486128,0.915145122801335,1.0430212739592217,0.6653260778220982,0.7224212221629369,0.7213421546109418,1.0157809748403475,0.9262237725277701,0.6846608936189654,0.45676462574547644,0.5205898058946187,0.3320756559406242,0.36057282167636795,0.3600342405549034,24092.25,24092.25,20864.2,20864.2,Americas,NA,Upper middle income
CAF,1.4860621542127843,1.5595589196457276,NA,NA,0.570469998578621,0.3133494707050288,NA,NA,1.4037496752132093,1.4731754797216141,NA,NA,0.5388718587264122,0.2959931497370146,NA,NA,33194.7,33194.7,NA,NA,Africa,NA,Low income
CUB,1.437314450383835,1.1634465201344055,1.5228388010985383,1.2253083406223517,0.9923168265436852,0.5446276402175898,0.7453821663778678,0.7432734680418037,0.8872982528806154,0.7182311875871055,0.9400950552418801,0.7564203849644161,0.6125875839216087,0.33621533096429146,0.46014725154876834,0.4588454874504931,27144.57,27144.57,29974.02,29974.02,Americas,SIDS,Upper middle income
CPV,0.23630950476096996,0.4726190095219399,1.2566492766090371,0.7512251645628686,0.12336109097460786,0.06176139548730394,0.1170283196993211,0.1170680451655047,0.14397409578741766,0.2879481915748353,0.7656270258985414,0.45769197438797554,0.07515906542305106,0.03762879143963377,0.07130075672272945,0.07132495988831647,NA,NA,28653.7,28653.7,Africa,SIDS,Lower middle income
COK,0.23656038542655675,0.028227052093223407,1.1653931313985577,0.6553748310546592,NA,NA,0.001169681246488262,0.001169681246488262,0.12244466392047146,0.01461044249140953,0.6032124527190716,0.3392248063247144,NA,NA,6.054319993691348e-4,6.054319993691348e-4,NA,NA,5935.286,5935.286,Oceania,SIDS,NA
CYP,0.858287601036379,0.57646107330742,1.3774433880804435,0.7278884616758368,1.2855995347503528,1.6178821050892283,1.7809507925148322,1.7757024955041616,0.342304923067502,0.2299059931794847,0.549356244244207,0.2902987338682397,0.5127267938007687,0.6452487590944274,0.7102843187792444,0.7081911766875916,82.291,82.291,13508.663,13508.663,Asia,NA,High income
DNK,2.277836665983376,2.033675400022471,2.6702335761507365,2.4154438702379175,0.54826897466917,0.621650701146388,0.6240595291684837,0.6209015653316041,0.545472660944135,0.487003457496799,0.6394397964862446,0.5784254046551961,0.13129375823652115,0.14886645175048835,0.1494432928605607,0.14868705648813213,25412.104,25412.104,837843.109,837843.109,Europe,NA,High income
DJI,1.8726999654712138,2.053548618443248,1.2396831461486693,0.5685883776333187,0.5812343102041608,0.29066025102618476,0.3790063183255935,0.37242548278531273,1.507085176642307,1.6526260156102304,0.9976547913396525,0.4575805688802128,0.467757584885838,0.233913474575449,0.3050113818198058,0.29971534941977185,NA,NA,2162.114,2162.114,Africa,NA,Lower middle income
DMA,0.173798898863256,0.049187681845540024,1.3934849480385476,0.9958326646839081,0.2941071049009846,0.1470535524504923,0.06489968537887009,0.06489838067796692,0.0954464527542121,0.02701277040341542,0.7652706439832688,0.5468889388973491,0.16151701809512847,0.08075850904756424,0.03564144994469331,0.0356407334322532,NA,NA,825,825,Americas,SIDS,Upper middle income
DOM,1.560430092821844,1.1473410411644753,1.3589484951591853,0.9641107122412929,1.1606644304150944,0.6721131437356194,0.7897401615703485,0.7875801223630177,0.955205207751589,0.7023359409876252,0.8318698066728719,0.5901729128516106,0.7104917506298748,0.41142886057366906,0.48343332942163714,0.482111078133815,2573.47,2573.47,14648.35,14648.35,Americas,SIDS,Upper middle income
ECU,2.015331512284987,2.06454842231248,1.4504386263599418,1.0231149233951735,1.0537693285103296,0.7779799811499096,0.9588514093402384,0.9498828283207331,1.2869121162345327,1.318340115773027,0.9261935471851185,0.6533212938871699,0.672896001630378,0.4967876787648592,0.6122851197565242,0.6065581336457646,33185.176,33185.176,1029641.058,1029641.058,Americas,NA,Upper middle income
EGY,2.4289949948339804,2.293755298069127,1.5441126541175219,0.8699600075747614,0.2578650743286055,0.38035912508596514,0.5282709007282742,0.5218150790874964,1.7008663451371784,1.6061668298054812,1.0812411108605207,0.6091761002580129,0.18056604786943975,0.2663406208330858,0.36991356428276123,0.36539297458111064,507559.75,507559.75,1179838.8,1179838.8,Africa,NA,Lower middle income
IRL,1.8800068976394742,1.424038108872729,1.3553787375329363,1.0044295996986978,0.5864365309575318,0.5986631015775834,0.8238549633072451,0.8235982037412078,0.4596336286753714,0.34815606483945216,0.33136987324031336,0.24556804671202692,0.14337497966111054,0.1463641937046367,0.20142024306537476,0.2013574691834369,943.335,943.335,350996.454,350996.454,Europe,NA,High income
GNQ,1.4651975318832406,1.7706714900035552,1.217290309762259,0.6243340672937663,0.6159562442884651,0.4694440189605899,0.2362729673598678,0.23504809088237513,1.1540586530002261,1.394664344017095,0.9587952372461469,0.49175494569466244,0.4851561773223563,0.36975624132012497,0.1860997282060835,0.18513495774548222,1100.2,1100.2,6029.8,6029.8,Africa,NA,Upper middle income
EST,2.1162522597830207,1.830131399763092,1.741940673614039,0.9590713820132908,0.7311820886706976,0.5360037136424184,0.4282005386387868,0.4274168488669119,0.8212864190974152,0.7102471157872637,0.6760215902896642,0.37220151678574687,0.28376102921402013,0.20801516859121186,0.16617833975534224,0.1658742012654949,4002.498,4002.498,85553.8,85553.8,Europe,NA,High income
ERI,1.706168261141432,1.9051929871061437,1.223356975429931,0.5537335990925081,0.4407833887521643,0.26190586283470063,0.38417069427066575,0.3797423532448514,1.5534398408369563,1.7346487788220077,1.1138476248100355,0.5041658865842866,0.4013264651920377,0.23846124156829396,0.34978148155375616,0.3457495454692632,NA,NA,4669.392,4669.392,Africa,NA,Low income
SLV,1.301943963454969,1.4389675858159279,1.3500443996382172,0.827068591234858,1.1139937032209903,0.5599707032396346,0.6302759302564737,0.6239828912809754,0.8649481517357854,0.9559799720229977,0.8969037385676334,0.549464085573183,0.7400831538780934,0.372017259105378,0.4187246273735231,0.4145438388116145,6753.508,6753.508,55320.494,55320.494,Americas,NA,Lower middle income
ETH,1.9510610505981545,1.756355777593035,NA,NA,0.8454582540979391,0.49142256085557146,NA,NA,1.637907235092745,1.4744530083436524,NA,NA,0.7097585136720092,0.41254709465210143,NA,NA,43782.93,43782.93,NA,NA,Africa,NA,Low income
CZE,2.225552926597084,1.9670803580873257,NA,NA,1.4848574495691294,1.042083295382155,NA,NA,0.8933846592670666,0.7896282287691191,NA,NA,0.5960536147175806,0.4183145764124234,NA,NA,26968.74,26968.74,NA,NA,Europe,NA,High income
GUF,1.1196596786359385,1.2637091207006128,1.140237106564312,0.5835948141162633,0.6155039874223658,0.31576062085129636,0.11948951772622474,0.11652118925178245,0.21358624572791543,0.2410651128487512,0.21751159524421887,0.11132652872275402,0.11741352163745367,0.06023448628471435,0.022793816712302895,0.02222757846416326,NA,NA,NA,NA,Americas,NA,NA
FIN,2.5933605468518697,2.518518420547773,1.8855572738746538,1.3949741468418997,0.4649250920157731,0.521431458675363,0.4449525497056177,0.4430556082713843,0.6618116588684086,0.64271235089803,0.4811840716977086,0.3559898970934386,0.11864638211220595,0.13306650287058108,0.11354949677007754,0.11306540752190486,32944.527,32944.527,168111.286,168111.286,Europe,NA,High income
FJI,1.5467554690578391,1.2644193917311057,1.332202096994985,0.8436972940283216,0.21466368713179526,0.10953391603529845,0.10341370963571633,0.10341370963571633,0.9450203240477247,0.7725216087542243,0.8139347702879737,0.5154732639713838,0.13115295289573842,0.06692187543318996,0.06318261635140696,0.06318261635140696,3023,3023,46587.15,46587.15,Oceania,SIDS,Upper middle income
FLK,1.1321250198321562,1.0848710002993884,1.060708725030857,0.545876486766008,0.24313769207911326,0.12165140209235999,0.11359443087756015,0.1135412316497266,NA,NA,NA,NA,NA,NA,NA,NA,1.1,1.1,NA,NA,Americas,NA,NA
FRO,0.2628670477960411,0.284525304383291,1.0414252550064922,0.5346798527525294,0.12610018364363706,0.06313944036705917,0.06909832161150573,0.06902966454675893,0.17758171331558673,0.192213103383073,0.703542275932845,0.36120679683210477,0.08518788052210341,0.042654300309521526,0.04667986513289941,0.04663348336199591,NA,NA,666908.88,666908.88,Europe,NA,High income
PYF,1.5516858309508417,1.4427359931090113,1.154689398163521,0.671941780323694,0.07613977010159295,0.03831652505079648,0.0633758120911802,0.0633758120911802,NA,NA,NA,NA,NA,NA,NA,NA,52.8,52.8,2786.4,2786.4,Oceania,SIDS,High income
FRA,2.8500636685876546,2.1676917894174874,2.115373781079883,1.656990792191644,1.3584724398149897,1.237150999934358,1.262497770251426,1.3794029138935684,0.9922325914221397,0.7546689097945878,0.7364547086302359,0.5768714172317704,0.4729440412821178,0.43070670882719825,0.4395310350600045,0.4802308604376259,46650.658,46650.658,756393.345,756393.345,Europe,NA,High income
ATF,1.2665003996557074,1.194356235741931,1.503717495619894,1.2027372420010103,0.18096121442482582,0.0905219774960819,0.09728274354117696,0.09400351481459007,NA,NA,NA,NA,NA,NA,NA,NA,58.1,58.1,NA,NA,Oceania,NA,NA
GMB,1.2843843453826005,1.428102305424728,0.1653638336649684,0.22364681631682762,1.2454855533115516,0.625292072891487,0.4392217430535954,0.43616455832177864,1.0315131132938355,1.1469356976100071,0.13280679066447482,0.17961494517321033,1.0002727651403982,0.5021837701035806,0.3527472047073246,0.3502919224143196,3715.2,3715.2,49796.866,49796.866,Africa,NA,Low income
GAB,1.3174699500444804,1.4885060262355543,1.2373599589629796,0.641820686799757,0.6030919709518069,0.4697995660801266,0.4292773284541631,0.41110420689823046,0.8888354264832852,1.0042254767232837,0.8347889580335919,0.4330064331700292,0.40687797789353464,0.31695181940536366,0.28961335877397376,0.2773528026617416,12055.4,12055.4,25414.6,25414.6,Africa,NA,Upper middle income
GEO,1.3367308616822298,1.35116378361883,1.3128183023802353,0.6025159321305934,1.554048769427452,0.8229285325883595,0.7573893950594051,0.7526203737174013,0.7162402921932485,0.7239736665929862,0.7034275869939423,0.3228370045539441,0.8326824618207088,0.44093735659958494,0.405820511197544,0.40326519857823784,1611.12,1611.12,78924.002,78924.002,Asia,NA,Upper middle income
GHA,1.4637117954307888,1.4796220178504305,1.235350358545133,0.7215359996525808,1.2495803569245834,0.8034461716005985,0.729580292772263,0.7382474290310144,1.0001299222586273,1.0110011125854024,0.8440943510264498,0.49301354644542694,0.8538174722156121,0.5489814044337896,0.4985100781243601,0.504432188159771,138738.9,138738.9,287977.48,287977.48,Africa,NA,Lower middle income
GIB,0.1261493493552108,0.002298698710421676,NA,NA,NA,NA,NA,NA,NA,NA,NA,NA,NA,NA,NA,NA,NA,NA,NA,NA,Europe,NA,High income
GRD,0.12619719375042387,0.0023943875008477756,1.2464810360339666,0.7965203134144542,0.19708021548274968,0.09854010774137484,0.15260395396455984,0.13662058885169084,0.06871429371181872,0.0013037425088749965,0.6787081508772645,0.43370481654000226,0.10731005507342907,0.053655027536714535,0.08309275826722103,0.07438982587839976,0.2,0.2,2788.95,2788.95,Americas,SIDS,Upper middle income
GGY,2.9961199345172906e-4,5.992239869034581e-4,2.394057974946478,1.5902887851946883,NA,NA,0.03200479307161681,0.029835256936610644,NA,NA,NA,NA,NA,NA,NA,NA,NA,NA,NA,NA,Europe,NA,NA
GRL,2.0873204429922,2.1100162110688117,1.2097984885909967,0.6026732250571065,0.22789267375512656,0.11396320832343264,0.10665860522574036,0.10628820354819897,0.8672277046965273,0.8766572098410225,0.5026400090740732,0.2503951510670282,0.09468351687031865,0.04734876808493558,0.04431389425930971,0.04416000193400412,NA,NA,286808.8,286808.8,Americas,NA,High income
DEU,2.8001519580871324,2.4882094755024546,2.2194524398949076,1.9010469017183562,1.012115882041581,0.8979575052596812,0.9283633612220121,0.9704269025897765,0.7895258194700964,0.7015710770573133,0.625792825750782,0.5360157717853284,0.28537437722253545,0.25318648623404905,0.26175966679877394,0.2736198274133734,43490.58,43490.58,268536.5,268536.5,Europe,NA,High income
GLP,0.4329554387403494,0.1992442108140322,1.3664474178260568,0.9754726429925298,0.11057967701412588,0.05583645818113517,0.06690865574052286,0.06690865574052286,NA,NA,NA,NA,NA,NA,NA,NA,8.266,8.266,4182.67,4182.67,Americas,SIDS,NA
GUM,0.5427132660642151,0.002093198795096828,1.7162045054965593,1.5860813941527396,NA,NA,0.003907275484850893,0.003907275484850893,0.28957048570209604,0.001116848674370735,0.9156993265057989,0.8462707443999039,NA,NA,0.0020847687548258536,0.0020847687548258536,NA,NA,646.7,646.7,Oceania,SIDS,High income
GRC,1.4544189040146265,1.1763254539778651,1.5580421018717683,0.9052121557109997,1.2907597673854783,1.0608732662786011,0.9968303160115619,1.0312005606120322,0.6776664767070908,0.5480926600016417,0.7259482799778938,0.42177114897217716,0.6014117538110496,0.4942993016711595,0.4644593701730225,0.48047371273806344,3826.639,3826.639,203899.473,203899.473,Europe,NA,High income
GTM,1.4045999959705049,1.4305617548537741,1.3266385231428586,0.8674646693520383,1.2922354624079222,0.7567266094912545,0.7021580627036778,0.691582123070949,0.9879231783060758,1.0061833402197555,0.933089100104264,0.6101298986708033,0.9088917619281155,0.5322424599900678,0.4938617591979694,0.4864231888394956,10267.273,10267.273,33998.9,33998.9,Americas,NA,Upper middle income
GIN,1.3152486476927157,1.508559932090697,1.1480825519601607,0.5884321713010701,0.821376621087426,0.44775048044861526,0.5289758147191189,0.5077093888929555,1.1214024212090883,1.2862227711491718,0.9788738850061344,0.5017068542681427,0.7003190866060305,0.38175935307246817,0.4510133961572104,0.43288129508737916,28209,28209,211768.3,211768.3,Africa,SIDS,Low income
GUY,1.2436036457219726,1.2284723358254135,1.1641573873371525,0.6141636003426777,0.6051076632322663,0.5217401130026994,0.5459120794243628,0.524387942749358,0.8247244449683296,0.8146897677630865,0.7720378260631615,0.40729675902349805,0.4012911054273989,0.3460039913794716,0.3620341885081766,0.3477599607558044,1053.609,1053.609,47842.532,47842.532,Americas,SIDS,Upper middle income
PSE,0.9027639873908927,1.0955562169920443,NA,NA,1.3066538290552896,0.6610947507773705,0.46830878823390104,0.46830878823390104,0.6430598017538796,0.780390194501728,NA,NA,0.9307599372696452,0.47091317920654907,0.33358725062976524,0.33358725062976524,93.4,93.4,NA,NA,Asia,NA,Lower middle income
HTI,1.0509933308426525,1.0481446616878876,1.305081367730459,0.8944622231623128,0.7599661428403078,0.4348284867489434,0.42649402203621173,0.42254307081449194,0.8893818455529002,0.8869712169067573,1.1043987067912167,0.756920562165344,0.6431059749305137,0.3679648107126271,0.36091193854838444,0.3575685260012798,1672.2,1672.2,16644,16644,Americas,SIDS,Lower middle income
HND,1.3669816735723062,1.6287822718512046,1.5750043658243114,1.3977111950351584,1.0263872097829958,0.6273470310294863,0.7604946620427753,0.7465135253955265,0.9927630152271079,1.1828942776722093,1.1438383655323348,1.0150801632721316,0.7454081359495325,0.45560737364608395,0.552305117434898,0.5421513928879166,30288.1,30288.1,42416.9,42416.9,Americas,NA,Lower middle income
HRV,1.8768425490844436,2.024274078059754,1.8980828928612423,1.1986822009342877,0.5575838984139346,0.6502118793950126,0.8945189350285543,0.8985728462833286,0.9128601528231177,0.9845680156574297,0.9231910479083568,0.5830159901612466,0.2711980943559444,0.31625056448207817,0.43507682204438297,0.43704856658383295,4988.914,4988.914,84066.709,84066.709,Europe,NA,High income
HUN,2.082562511671229,1.7646665873535199,NA,NA,1.2663469301278132,1.1129714942326354,NA,NA,0.9854981943889228,0.8350653225481192,NA,NA,0.5992533746847415,0.5266739374331726,NA,NA,24400.108,24400.108,NA,NA,Europe,NA,High income
ISL,1.750671076760729,1.5776059525851327,1.6173676294921686,0.8521895644390414,0.1737918909716053,0.11720830735461442,0.11375627915832551,0.11331666804237638,0.4427432575288969,0.398975231736226,0.40903092671646507,0.21551803122834148,0.04395182451020285,0.029641883330618707,0.02876886827428129,0.028657690989121954,1180.97,1180.97,1379687.07,1379687.07,Europe,NA,High income
IMN,0.1303156762803557,0.014613438605758127,NA,NA,-0.014838403096029093,-0.007344655164029672,NA,NA,0.06780710669460112,0.007603804998746845,NA,NA,-0.007720860687131431,-0.003821641651699632,NA,NA,NA,NA,NA,NA,Europe,NA,High income
IND,2.4893478965179647,2.418267385944576,1.8555427295727465,1.6766848627791295,1.3088800452872364,0.7420218501395536,0.6300099767736075,0.6456679347037003,1.7077561914888375,1.6589931470804256,1.2729496706476466,1.1502486091204354,0.897925117008384,0.5090459274769673,0.4322029235205785,0.44294468229145617,6584465.202,6584465.202,4415033.131,4415033.131,Asia,NA,Lower middle income
IRN,2.057867570946519,2.099512967254039,1.4887799496594025,1.0415306920536391,0.8475858425637092,0.5887306991941108,0.5585703753719715,0.5588966130065913,1.3712766354994383,1.3990273808529647,0.9920605140927338,0.6940323679389151,0.5647956549279457,0.39230544462820205,0.37220786985696735,0.37242526093319145,426357.7,426357.7,610600.5,610600.5,Asia,NA,Lower middle income
ISR,1.5901734711054691,1.313290088448539,1.9233893065282521,1.0628821110372897,1.352648325496217,0.9642676892141308,0.8070556700773627,0.8116376421420063,0.60128166256148,0.49658560034892957,0.7272783384936585,0.4019005061045752,0.5114678673704418,0.3646120941270147,0.3051665644669783,0.3068991149282333,19280.9,19280.9,5001.8,5001.8,Asia,NA,High income
ITA,2.550879878307884,1.9380958729926883,1.9478293366231016,1.4702388040920285,1.2103965710503848,1.2017346124359711,1.5329889782908166,1.5434957448171154,1.0615800610100161,0.8065624542303559,0.8106131549326826,0.6118579759947941,0.5037214322276661,0.5001166515272689,0.637972233400959,0.6423447536222582,45614.105,45614.105,352093.329,352093.329,Europe,NA,High income
CIV,1.5589404064501113,1.5741205290669864,1.2016505462295228,0.6545463935565093,0.6446893096755126,0.37140269935611414,0.436285277167156,0.43186433629221466,1.230292061465428,1.2422719833856897,0.9483243372004342,0.5165580598985967,0.508778999199539,0.2931053622922955,0.3443097060106724,0.3408207667028295,25949.8,25949.8,62669.684,62669.684,Africa,NA,Lower middle income
IRQ,1.832776905761835,1.8292023733862983,NA,NA,0.7525609056677005,0.4262909285463405,0.3966132180043671,0.3948175656818961,1.3998239355422177,1.3970938073078885,NA,NA,0.5747850517949891,0.3255891338480389,0.30292212542047503,0.30155065620728017,60471.9,60471.9,6366.3,6366.3,Asia,NA,Upper middle income
JPN,3.2543253327312596,2.5087521500482612,2.107282705977431,1.9274885726709903,1.0442451604156764,0.6771643971432719,0.6434653706465178,0.649832470947341,1.0391391593872688,0.8010700633068616,0.6728767888252019,0.6154666944293796,0.33343809461049295,0.21622547547324605,0.205465033757784,0.20749811360625106,74372.5,74372.5,5097987.423,5097987.423,Asia,NA,High income
JEY,7.785684821965426e-5,1.5571369643930852e-4,2.4937810426739433,1.5825861154806053,NA,NA,0.0063329789610012495,0.003982817748998628,1.0058254890622763e-5,2.0116509781245525e-5,0.32216928815114204,0.20445285032545293,NA,NA,8.181517498241307e-4,5.145365760158239e-4,NA,NA,NA,NA,Europe,NA,NA
JAM,0.6715894993203374,0.45518088142951246,1.3877473310089845,0.9718582065289836,1.0870649785701905,0.770833829650109,0.60241679295701,0.6018013307176113,0.40130524013915714,0.27199125822200315,0.8292420838721268,0.5807294356850791,0.6495707165068347,0.4606082367699038,0.35997140516064186,0.3596036385085003,2642.463,2642.463,17021.14,17021.14,Americas,SIDS,Upper middle income
JOR,1.3555110612351062,1.3022966475859703,NA,NA,0.6606873116159013,0.5718250076070838,0.564798219503803,0.564798219503803,0.842147981651962,0.8090870850418092,NA,NA,0.4104698972160495,0.3552617826487062,0.35089620011094225,0.35089620011094225,1307.7,1307.7,496.2,496.2,Asia,NA,Upper middle income
KEN,2.0460622003989912,1.7619348256364693,1.2842782936213817,0.6919412833834756,0.9969313933328118,0.5779213092326043,0.5769953231778384,0.5772268039158074,1.524616133028976,1.3128996078355397,0.9569755041524437,0.5155976409463517,0.7428599607098288,0.43063605373552977,0.4299460584471262,0.43011854551400236,167263,167263,15580.8,15580.8,Africa,NA,Lower middle income
KGZ,1.5746730404486196,1.4412233638941838,NA,NA,1.178896598801592,0.6324459067802162,NA,NA,1.1002841242747619,1.0070377444036647,NA,NA,0.8237400263443636,0.44191408172872293,NA,NA,1307.323,1307.323,NA,NA,Asia,NA,Lower middle income
PRK,1.8361706109636282,1.799845783522131,1.6997147400926986,0.9635693286962628,1.3728478454934772,0.7696624104948274,0.843902879083789,0.8377914776750703,1.5910028789981023,1.5595281866718804,1.4727667618772067,0.8349123806449978,1.1895435323737082,0.6668961498688021,0.7312239408474509,0.7259285411836464,13133,13133,849988.5,849988.5,Asia,NA,Low income
KOR,2.6355991021479603,2.3769511997401027,2.0391615641830687,1.4373053269882967,1.413443029288042,1.1086108449069179,1.2976798907349962,1.3824133840955657,1.0160439913473494,0.9163332094981962,0.7861126728211929,0.5540924035176016,0.5448933018111524,0.4273781193779399,0.5002657098338769,0.5329311317960839,34770.6,34770.6,3598059.054,3598059.054,Asia,NA,High income
KWT,1.6223543641412905,1.7649733499682632,1.6173515964834408,0.7939227240470071,0.27557327815980787,0.3892792259574304,0.4800992893909348,0.4784098153963849,0.8281310915669184,0.9009309798167162,0.8255774278711675,0.405258004426689,0.14066643188027994,0.19870765440760169,0.2450667729391278,0.24420438061954286,NA,NA,4896.581,4896.581,Asia,NA,High income
KAZ,2.0808817258617758,1.9302157976702812,1.415895161074592,0.690382762440968,0.7163841130043448,0.536212492796061,0.5376846282458075,0.5354194001405216,1.2138375541165736,1.1259498286914644,0.8259319584790465,0.40271992076749763,0.41788724881854583,0.31278801320280153,0.31364675172284334,0.3123253796772036,45529.003,45529.003,NA,NA,Asia,NA,Upper middle income
LAO,1.695585409703031,1.6463007799194125,NA,NA,0.6899051233631737,0.39725681588670664,NA,NA,1.27313363133093,1.2361281703696871,NA,NA,0.5180166153558761,0.2982810595600641,NA,NA,164764.4,164764.4,NA,NA,Asia,NA,Lower middle income
LBN,1.1359146605525714,1.2342486858096007,1.8200509741868673,0.9293161444664174,1.637151356789045,1.2329434124212952,1.2104361439400182,1.2066150597157392,0.7552453157224449,0.8206255018672182,1.21011288996132,0.6178823896788871,1.0885068538001734,0.819757653562685,0.8047930530689095,0.8022524960520965,1257.8,1257.8,3617.78,3617.78,Asia,NA,Upper middle income
LVA,2.086533972743258,1.7313470777453708,1.609757490052927,0.9318813110622983,0.8443831599236559,0.6069079775667704,0.5985366245498625,0.5967362416307566,0.9309069880868605,0.7724403793713107,0.7181931932051148,0.41575878268346866,0.3767214885853749,0.27077195234917395,0.2670370737778292,0.26623383306259446,1063.951,1063.951,135663.92,135663.92,Europe,NA,High income
LTU,1.9328615004072125,1.705061058296702,1.711174508545203,0.9263004964117734,0.8474990329165786,0.6619085652410851,0.67277649723348,0.6702112117601013,0.8204408954888971,0.7237465391273374,0.7263415127430622,0.39318637605838536,0.3597375525072864,0.28096004596488494,0.2855731524156443,0.28448426678647737,5522.239,5522.239,117974.621,117974.621,Europe,NA,High income
LBR,1.3125558739289052,1.4327479753446513,1.1657881999646824,0.6021028067285452,1.0052275920550435,0.58392218668506,0.468308577305428,0.4537098363691596,1.091183209880482,1.1911039870680733,0.9691690352735065,0.5005535279480896,0.8356882113335947,0.4854392095935613,0.3893247264736082,0.37718817570920715,1842.184,1842.184,13503.151,13503.151,Africa,NA,Low income
SVK,1.9626614964271767,1.8050804242765521,NA,NA,0.8462223271158595,0.6989253098485744,NA,NA,0.8860160150708996,0.814878249413572,NA,NA,0.38201520511819786,0.3155200318503853,NA,NA,3779.481,3779.481,NA,NA,Europe,NA,High income
LSO,1.5871059751826964,1.6704136619345118,NA,NA,0.8410533540642953,0.5180357658093933,NA,NA,1.2036697247105974,1.266850723299738,NA,NA,0.6378593962743794,0.39288111655572205,NA,NA,1190.302,1190.302,NA,NA,Africa,NA,Lower middle income
LUX,0.8151414296009536,1.340423994373343,NA,NA,0.8314628453567112,0.7411647431134232,NA,NA,0.12598810015103315,0.20717567076750024,NA,NA,0.1285107349824509,0.1145542779361628,NA,NA,NA,NA,NA,NA,Europe,NA,High income
LBY,1.3654827551192692,1.5813439939110305,1.3124700066133677,0.678735573036025,0.1824466773402877,0.3508777221699155,0.4399737953731374,0.4398644422751329,1.0324514269878793,1.1956656771762377,0.9923681028753849,0.5131968956043472,0.1379492576255378,0.2653011937312556,0.33266738167674037,0.33258469900524046,11,11,36636.9,36636.9,Africa,NA,Upper middle income
MDG,1.8740015244674841,1.5819303550719384,1.5511602251886236,1.2757826999536812,0.7610456118807463,0.4193469185617413,0.4056994803156039,0.4031379092970437,1.5034149761263467,1.2691013085914313,1.2444160169948444,1.02349480101853,0.6105477266043737,0.3364204507449942,0.32547181341619974,0.3234167968212645,33288.648,33288.648,119979.17,119979.17,Africa,NA,Low income
MTQ,0.3335579980778232,4.493294889797783e-4,1.3662824903761615,0.9598710556729702,0.14897016330227245,0.07448835637639523,0.06413295355538787,0.06411745471529241,0.07945439454205327,1.0703146889749876e-4,0.3254520913059291,0.22864381608725076,0.03548508564693837,0.01774332287165944,0.015276638618475245,0.015272946753903014,12.45,12.45,2668.91,2668.91,Americas,SIDS,NA
MDA,1.4648140099158833,1.511695166401032,NA,NA,1.361355448670369,0.681054076439673,NA,NA,0.9218383852940446,0.9513416869435617,NA,NA,0.8567297282237271,0.42860171043771456,NA,NA,11465.045,11465.045,NA,NA,Europe,NA,Upper middle income
MNG,1.9214031498811375,2.0925255372934006,NA,NA,0.46628908944615677,0.2573826737984151,NA,NA,1.181265078954075,1.2864699134990072,NA,NA,0.28667123716025583,0.15823704905693747,NA,NA,86.6,86.6,NA,NA,Asia,NA,Lower middle income
MWI,1.5522656667335788,1.5263790109802997,NA,NA,0.61374566012618,0.30720022530376595,NA,NA,1.2443725523191032,1.2236205350703426,NA,NA,0.4920087262981827,0.2462668192865864,NA,NA,152486.575,152486.575,NA,NA,Africa,NA,Low income
MKD,1.1693274767597717,1.3604238444551073,NA,NA,1.1420321528400879,0.5937499273479105,NA,NA,0.6871379605151593,0.7994329086539725,NA,NA,0.6710982679717629,0.34890834453356895,NA,NA,1709.17,1709.17,NA,NA,Europe,NA,Upper middle income
MLI,1.4457216203780998,1.5889526542171442,NA,NA,0.2957637239617787,0.20927316032530183,NA,NA,1.2507420166260834,1.3746559635313205,NA,NA,0.2558750670520159,0.181049194313444,NA,NA,109279.025,109279.025,NA,NA,Africa,NA,Low income
MCO,3.719585687236549e-4,7.439171374473098e-4,NA,NA,NA,NA,NA,NA,3.892477626862529e-5,7.784955253725058e-5,NA,NA,NA,NA,NA,NA,NA,NA,NA,NA,Europe,NA,High income
MAR,1.5609320023542363,1.3522864687372635,1.336843228845474,0.8674180303864292,0.8629530343374507,0.6863207805245777,0.6617672656094451,0.6675650463659897,1.0387140123683718,0.8998719365706057,0.8895953135993458,0.5772187778740193,0.57424756967645,0.4567085629837026,0.4403695552903642,0.4442276580798385,14549.8,14549.8,1398057.115,1398057.115,Africa,NA,Lower middle income
MUS,1.778869186401543,1.6034996109190827,1.797941034916547,1.7272020068235059,0.22947523480438237,0.11605317545962829,0.09430099496815156,0.09430099496815156,0.8722026837596258,0.7862167014542013,0.8815538589816181,0.8468695940446849,0.11251469033404975,0.056902380382154644,0.04623700355325545,0.04623700355325545,40.543,40.543,18698.08,18698.08,Africa,SIDS,Upper middle income
MRT,1.3747260889427566,1.6054593614643824,1.2817172756218944,0.6790886421812364,0.38199987599073626,0.2771093407818346,0.23859426626185806,0.23774867938108,1.0915479507575803,1.2747527599325212,1.0176979086296543,0.53920400705114,0.3033121908292384,0.22002792810807756,0.18944652647199756,0.188775120993972,16300,16300,549056.526,549056.526,Africa,NA,Lower middle income
MLT,0.39156973094256114,0.2667600570449431,1.439281491211614,0.7559796319745704,0.09405472960001976,0.04900690001275013,0.07899198362923603,0.07884870312570538,0.1503486739881892,0.10242625433068563,0.5526322557632841,0.29026895147349546,0.036113628710884665,0.01881688458260727,0.030330076754820745,0.030275062201825707,NA,NA,7882.105,7882.105,Europe,NA,High income
OMN,1.778484537957639,1.991073305484947,1.3792667697056296,0.7810454445750447,0.4608893290384299,0.5709300713637302,0.6381840369795071,0.6381783042971014,0.9330107331118327,1.0445369216216138,0.7235771087656709,0.40974423295997014,0.24178714045126462,0.29951561178619174,0.3347977131621828,0.33479470573979603,44.11,44.11,310920.1,310920.1,Asia,NA,High income
MDV,0.07843174638098141,0.037045885658800654,1.2413885461282357,0.659527810187394,NA,NA,7.253656203221605e-4,7.295840787785994e-4,0.04928604059832024,0.023279413105394275,0.7800811419596543,0.4144433335797719,NA,NA,4.558154199215015e-4,4.584662739995996e-4,NA,NA,149292,149292,Asia,SIDS,Upper middle income
MNE,1.043770318452141,1.157371804053643,1.4846578524544978,0.6957801871479505,1.1095003259670504,0.6640570297651522,0.8094162130645695,0.801681724559795,0.5622860412621584,0.6234839202314458,0.7997951002509703,0.3748214335125333,0.597695235281489,0.35773195677059816,0.436037919580248,0.4318712989687455,1115.7,1115.7,1194.9,1194.9,Europe,NA,Upper middle income
MEX,2.420809731222376,2.2891235776210346,1.9861725009030717,1.9623690331367345,1.1842224054411594,0.6930005455470989,0.6382426676770082,0.6410604379410544,1.4411033067906256,1.3627107966458458,1.1823646121344404,1.1681944542452323,0.7049652859727522,0.4125418718022711,0.3799446140113505,0.3816220271483354,216113.875,216113.875,1688025.254,1688025.254,Americas,NA,Upper middle income
MYS,2.3471612816917475,2.1512662476945494,1.5470111133543683,1.1995671851787422,1.1160984446174715,0.7949763045145087,0.7690521082414113,0.7844852350413516,1.2236981043184414,1.1215677634604884,0.8065379151989264,0.6253971987164945,0.5818805727430737,0.414462782937233,0.4009471416888807,0.40899323897077733,132758.416,132758.416,1962767.126,1962767.126,Asia,NA,Upper middle income
MOZ,1.3868025008433618,1.4262738919435052,1.3271394346611574,0.8341256394282177,0.7588664058374279,0.4344245818774158,0.5438884033028123,0.6621576496312613,1.1578397117144112,1.1907943278652793,1.1080270907345737,0.6964104761145445,0.6335766340414188,0.36270055205172547,0.4540917626713076,0.5528346117722691,89472.9,89472.9,190582.6,190582.6,Africa,NA,Low income
NCL,1.863330487258905,1.5572037734383515,1.4112997197660404,1.0326949880689207,0.21258131386808013,0.1063378378351483,0.11349024730369695,0.11349024730369695,NA,NA,NA,NA,NA,NA,NA,NA,2.8,2.8,5341.894,5341.894,Oceania,SIDS,High income
NER,1.743718697059635,1.9448759865589347,NA,NA,0.4326386732298704,0.29392659862293635,NA,NA,1.5297225202390206,1.7061929775302147,NA,NA,0.37954351391773217,0.25785474341070513,NA,NA,44205.365,44205.365,NA,NA,Africa,NA,Low income
VUT,1.317247693789802,1.4062477175924413,1.3326057398202582,0.9294490528617995,0.09033190590509825,0.045175059251333964,0.06855875038753197,0.06855875038753197,0.8903502365156172,0.9505068741898829,0.9007310023959454,0.6282305051253119,0.06105687955779767,0.030534594881933056,0.04634003149941732,0.04634003149941732,33.246,33.246,84585.594,84585.594,Oceania,SIDS,Lower middle income
NGA,1.6806294074102746,1.643991513920727,1.2844293294624147,0.6647769596798346,1.5847445721224391,0.90913948838794445,0.8861075909270738,0.870032555028371,1.3777496731694547,1.3477145889573892,1.052951995885256,0.5449721603650886,1.2991450147615748,0.7452961536130968,0.7264150195217424,0.7132369950518787,656385.942,656385.942,425064.48,425064.48,Africa,NA,Lower middle income
NLD,2.9984485638867375,3.1520991348360843,2.2809348426349088,2.036768745877921,1.202486964183401,1.0055490400803615,1.2064512080028116,1.2520913991726448,0.7722607327921409,0.8118339654113,0.5874626079098213,0.5245767905322748,0.30970465037076694,0.2589826111755262,0.310725654990895,0.3224804430843419,8041.4,8041.4,492684.04,492684.04,Europe,NA,High income
NOR,2.624397829092324,2.412081997177239,2.2533003279737804,1.4497642159804216,0.5597425052232874,0.524402835760332,0.4912612067099271,0.5315221792595574,0.4614226775711688,0.4240932229560917,0.3961761662732567,0.254898125188557,0.09841415148550528,0.09220071664444815,0.08637374214919899,0.09345244247029126,548.229,548.229,4069194.435,4069194.435,Europe,NA,High income
NPL,1.8499057583670797,1.7117979109933401,NA,NA,1.1523551481217602,0.6326077666722217,NA,NA,1.3939378647965188,1.289871072740189,NA,NA,0.8683207062818277,0.4766815366352252,NA,NA,71937.91,71937.91,NA,NA,Asia,NA,Lower middle income
SUR,1.4446956788318388,1.5555660177739223,1.1395510090280312,0.595974617157112,0.28919574327616565,0.3385253188199985,0.3048439843546526,0.29603496899939785,0.884316870496941,0.9521820358745213,0.6975338798619042,0.3648037549099194,0.17702044686795493,0.20721571671408445,0.1865989371909124,0.181206825201336,791.689,791.689,43842.32,43842.32,Americas,SIDS,Upper middle income
NIC,1.135144984382503,1.444308685680934,1.3651648568456047,0.9941420155355347,1.2620023055009781,0.691304172631105,0.6987463344198025,0.6904971141640756,0.8127411690391435,1.0340962130861746,0.9774308101157778,0.7117858555634693,0.9035684808675873,0.4949599999611314,0.5002884393724325,0.4943821621950303,850.556,850.556,68274.41,68274.41,Americas,NA,Lower middle income
NZL,2.062863790677288,1.2640485211783772,1.6326898627109452,1.0610523518349626,0.6373997597231484,0.9059624911059185,0.8937658892498833,0.9880881759487452,0.5569309354926192,0.3412671881631114,0.4407927933576162,0.2864623837912593,0.17208486865186223,0.24459130068262241,0.24129846820758902,0.26676355204220953,2217.5,2217.5,599362.695,599362.695,Oceania,NA,High income
PRY,1.5355094982888506,1.5637841230577492,NA,NA,0.7557910655980276,0.43696666094121805,NA,NA,0.9993840912451846,1.0177865890554902,NA,NA,0.4919054998393942,0.28439910650883715,NA,NA,27334.974,27334.974,NA,NA,Americas,NA,Upper middle income
PER,2.158731033925057,1.857557243650262,1.3493810932877484,0.8151907776144082,1.1762007655821585,0.756012812460997,0.43957557219426807,0.43859901992263783,1.280443222877365,1.1018031178317276,0.8003803386462687,0.4835273547953891,0.6976590762650461,0.44842616653545847,0.26073260332724274,0.26015336500697783,77313.618,77313.618,6149622.28,6149622.28,Americas,NA,Upper middle income
PAK,1.9542632555211374,1.6314622475476737,1.3466418138059721,0.8202135144852186,0.4486356796324625,0.37977421053647237,0.36302982821468854,0.3627925423499502,1.57829544226123,1.3175959903309482,1.0875702805564895,0.6624180483032595,0.36232562138147734,0.3067119559684051,0.29318891488001114,0.29299727887714844,297939.497,297939.497,396451.4,396451.4,Asia,NA,Lower middle income
POL,2.6924944680958185,2.8840306741897876,2.176392365482753,1.7064667208229303,1.3352863801338426,1.0170992262840992,0.9995257117693072,0.9979124460703366,1.1903190929525618,1.274994922673611,0.9621566235649247,0.7544082052358729,0.5903138861254151,0.44964721109694655,0.4418781738323948,0.44116496866661103,61170.593,61170.593,202724.1,202724.1,Europe,NA,High income
PAN,1.7419193458724043,1.4165082023619378,1.308507577687967,0.815421227270074,0.8602188668870379,0.7655546581203928,0.8294357517237252,0.8104704214947681,0.933072500988145,0.7587635180583668,0.7009121524302103,0.436786654726919,0.4607828550876376,0.41007524325861816,0.44429364258666904,0.43413471751890914,1478.341,1478.341,208332.992,208332.992,Americas,NA,Upper middle income
PRT,1.6185748911164837,1.2451182571803752,1.3674369089279967,0.8581643915221495,1.2745803455049614,1.076832864688258,0.9373211182751783,0.9473929881833425,0.6730011622254334,0.5177184193265685,0.5685783426083469,0.3568235464696359,0.5299687141957528,0.4477455899231451,0.3897368020719159,0.39392467140757714,851.93,851.93,226883.794,226883.794,Europe,NA,High income
PNG,1.42053993611008,1.5109199897411592,1.1738790916643196,0.6318366523596555,0.8511811173757995,0.530542499144177,0.5659355641688671,0.5606761651044128,1.0914977572778322,1.1609429191724772,0.9019714006601885,0.4854832106339707,0.6540205291214916,0.4076520013525132,0.4348469081028464,0.4308057529494046,16546.5,16546.5,277738.32,277738.32,Oceania,SIDS,Lower middle income
GNB,1.1198710841495512,1.299504465607758,1.1878331205960022,0.6336086138852242,0.8321120537501998,0.4591688023557515,0.5112850139099605,0.5037640972678895,0.9684828384388133,1.1238327261315768,1.027257519645736,0.5479550972609064,0.7196241202416146,0.39709669382682483,0.4421676463758216,0.4356634345962076,171.5,171.5,7221.3,7221.3,Africa,NA,Low income
QAT,0.2606771484349808,0.5213542968699616,1.3089225898494763,0.6832668450092395,0.3422744579142066,0.4386709096632179,0.46304500248114433,0.46379467255583423,0.09812501434195602,0.19625002868391203,0.49270927149767263,0.2571977228093603,0.12884016222117692,0.16512605558457116,0.1743010378248259,0.17458323128624867,28.1,28.1,15705,15705,Asia,NA,High income
MHL,0.16550964161934134,-0.0011570250473253117,1.2971309911471083,0.7824600001485192,NA,NA,8.525120476316834e-6,8.525120476316834e-6,0.10594527721793033,-7.40629598297942e-4,0.8303135762997734,0.5008647279796253,NA,NA,5.457061252400744e-6,5.457061252400744e-6,NA,NA,85071.338,85071.338,Oceania,SIDS,Upper middle income
ROU,1.8799876232251074,1.5700912843210724,1.4498921865419683,0.8015422949972021,1.1374795772169248,0.8893756628360795,1.0494133739937974,1.035346303826093,1.1004618082415234,0.9190621642945442,0.8487029157245581,0.46918749487377026,0.6658303580927657,0.5206012731358308,0.6142802882696283,0.6060460460426205,15985.635,15985.635,4371.282,4371.282,Europe,NA,Upper middle income
PHL,2.4513724168864894,1.6705329247205043,1.9235898357497134,1.9026569778105158,0.8518575479915569,0.5456034710773949,0.5390025616700649,0.5422037861260545,1.5912839761318054,1.084409800973717,1.2486791730186417,1.2350908168864485,0.5529748383917886,0.35417305623030265,0.34988814166757654,0.35196618462250523,527694.469,527694.469,4426229.821,4426229.821,Asia,NA,Lower middle income
PRI,0.8932330350965104,0.12002425657713287,1.5189814718452297,1.0901141826827951,0.8861342970043691,0.7140603417486003,1.032465281458416,1.0461739457539356,0.5184141064380879,0.06965961320228965,0.8815856461663156,0.6326798805307594,0.514294144658486,0.41442595545123334,0.5992216423766533,0.6071778695558839,24.992,24.992,2320.273,2320.273,Americas,SIDS,High income
RUS,2.5494668304274506,1.8534483891332574,1.7464562526898884,0.9268764549898424,0.7964535313741816,0.6048430645076276,0.3946125987232103,0.3939113475871068,1.5285645292936927,1.111258020968495,1.0471095555996537,0.5557203001136563,0.47752361503960317,0.3626411778185971,0.23659488879075635,0.23617444495521328,444074.4,444074.4,4592710.119,4592710.119,Europe,NA,Upper middle income
RWA,1.692824818561781,1.6951999358592833,NA,NA,1.1154512632256395,0.5585653862256174,NA,NA,1.2467364206833762,1.2484856538029065,NA,NA,0.8215107080850791,0.41137381890005575,NA,NA,24511.236,24511.236,NA,NA,Africa,NA,Low income
SAU,1.8256471475588685,1.859752756107746,1.3578640948390859,0.6864017720675988,0.538843449298417,0.6376802363847549,0.5141304927554305,0.5139928333587799,0.9669505014656654,0.985014471457471,0.7191901070163058,0.36355137880568145,0.2853973968667964,0.33774611110995106,0.2723082269503137,0.2722353159155605,6464.4,6464.4,104681.08,104681.08,Asia,NA,High income
KNA,0.05101951675302124,0.009352850086354607,0.3702363078936128,0.5719474547305934,NA,NA,1.9840395276386172e-4,1.6297830418206312e-4,0.025766403133910834,0.0047234729200326024,0.18698056295158158,0.2888508090216279,NA,NA,1.002000127720209e-4,8.2308985950705e-5,NA,NA,41342.62,41342.62,Americas,SIDS,High income
SYC,0.11620126287173312,0.0328679295383998,1.3309337985258847,0.8045915879466471,NA,NA,-3.1756534648578094e-6,2.502521573121409e-5,0.06139716370408735,0.017366400335176002,0.7032243737109548,0.42512138180994535,NA,NA,-1.6779173550338119e-6,1.3222552225404547e-5,NA,NA,113584.4,113584.4,Africa,SIDS,High income
ZAF,2.0723353135280957,1.6503927583006806,1.3608004970962582,0.8879010684365278,0.9410399656039822,0.973706808115663,0.9403070273947705,1.1448628125798324,1.2542722366276573,0.9988932788795131,0.8236187802017163,0.5373983890261357,0.569560483146261,0.5893319522483985,0.5691168753763327,0.6929234044280396,2858.556,2858.556,656544.531,656544.531,Africa,NA,Upper middle income
SEN,1.4042517333687794,1.4887648696004185,1.3828759169826232,0.7665069147120445,1.102392454042902,0.6742080285214856,0.7212847000687221,0.8774984011508953,1.0632099285721015,1.1271978898478792,1.0470255225478526,0.5803501912623193,0.8346613178177018,0.5104673562534363,0.5461108120553918,0.664385872019974,36263.694,36263.694,470503.794,470503.794,Africa,NA,Lower middle income
SHN,8.001584338097898e-4,0.0016003168676195795,1.1669085159169013,0.590103616370071,NA,NA,0.12361307151870983,0.12361307151870983,NA,NA,NA,NA,NA,NA,NA,NA,NA,NA,915.607,915.607,Africa,NA,NA
SVN,1.922049471316848,1.869744595020163,NA,NA,0.888629036844979,0.6851926570856012,0.631013749511776,0.631013749511776,0.7445340685427356,0.7242730071418995,NA,NA,0.3442234979384348,0.2654194308359988,0.244432435918795,0.244432435918795,1253.48,1253.48,989.19,989.19,Europe,NA,High income
SLE,1.350487081514709,1.5409561696105143,1.1701693214184898,0.6110145171008494,1.4519018949160754,0.76941579544475,0.7648164155129951,0.7446495612084365,1.13269861163036,1.292451396086943,0.9814600849469344,0.5124782788961383,1.2177586021410713,0.6453347204841404,0.64147706694982,0.6245624528195578,4244.9,4244.9,212885.1,212885.1,Africa,NA,Low income
SGP,0.7735102715771296,0.1951890413227575,NA,NA,0.8538058872943091,0.6520412069057847,0.7738906345502055,0.7847732216735264,0.19515856212860114,0.04924667977600487,NA,NA,0.21541734534636595,0.16451161550689497,0.19525452865114143,0.1980002324035896,515.847,515.847,6633.726,6633.726,Asia,SIDS,High income
SOM,1.7301968108670083,1.8701961345337905,1.254255143112911,0.6446066466345752,0.7182497216382163,0.4085341734164195,0.21172801398130506,0.21106334083402845,1.7300367043708582,1.870023072978982,1.2541390786311244,0.6445469969398472,0.7181832572651635,0.4084963690610696,0.2117084213949343,0.21104380975423775,220,220,32280,32280,Africa,NA,Low income
ESP,2.168562534608744,1.7141887813371284,1.758318226033267,1.2819914169864883,1.1100595486231333,1.2629766396429647,1.4699699434454463,1.534834069511327,0.852077522893596,0.6735437448831793,0.6908832070030207,0.5037235742679576,0.4361676342553967,0.49625223594191475,0.5775846110727992,0.6030712009132188,25648.8,25648.8,1327890.683,1327890.683,Europe,NA,High income
SRB,1.5409483425117332,1.5163957697336325,NA,NA,1.3829933811882735,0.8860629629430912,NA,NA,0.8746283775333423,0.8606925587257005,NA,NA,0.7849745664779418,0.5029213441432421,NA,NA,10574.616,10574.616,NA,NA,Europe,NA,Upper middle income
LCA,0.26841848454509143,0.06031766569625516,1.344036227172407,0.9305352600694051,0.2049457855131643,0.10247289275658215,0.12319494114147372,0.12315606814854839,0.142375700810597,0.031993958759278296,0.7129095452677592,0.4935785626160799,0.10870823553775506,0.05435411776887753,0.06534559686179527,0.06532497767970083,NA,NA,2162.4,2162.4,Americas,SIDS,Upper middle income
SDN,2.0172864408858824,2.0109426200683593,1.2469497082949765,0.6061068300198824,0.4909944495302424,0.32105336059867445,0.23341461326452465,0.23223888879860466,1.777215621588482,1.7716267586342904,1.0985542043022127,0.5339759911288403,0.43256276755381584,0.28284582509208567,0.2056366852981857,0.2046008800475446,32658.5,32658.5,2536.6,2536.6,Africa,NA,Low income
SJM,2.346539239397456,2.4405696803222012,1.4110505140423857,0.7025164207722665,0.200777744049989,0.10085235330286164,0.10273108329317392,0.10273079002761813,NA,NA,NA,NA,NA,NA,NA,NA,NA,NA,NA,NA,Europe,NA,NA
SWE,2.6121915273301566,1.978312790433906,1.975821274312958,1.385362299131051,0.36898926523005166,0.35714870030729345,0.35191450662342266,0.3686376768328616,0.6356237058022822,0.4813822010887801,0.4807759412899507,0.3370997529237269,0.08978603663357768,0.08690487586253408,0.08563124123374817,0.08970048474444516,15534.73,15534.73,220579.9,220579.9,Europe,NA,High income
SGS,1.2476577194795555,1.4004077568432867,1.0467628578545347,0.49717214511517055,0.17365109739841378,0.08682554869920689,0.06704383662906563,0.06704383662906563,NA,NA,NA,NA,NA,NA,NA,NA,NA,NA,NA,NA,Oceania,NA,NA
SYR,1.3416066861087523,1.3545491942412495,1.599145974421612,0.7458603608265097,1.0283399585785558,0.6394859692300867,0.6868090575484499,0.6814673723441611,1.0753063933774762,1.0856798969425039,1.2817257904601878,0.5978118794933941,0.8242210951052268,0.5125521200127375,0.5504818798670932,0.5462004847972448,8217.2,8217.2,2290.4,2290.4,Asia,NA,Low income
CHE,2.2670311398845713,1.849607357940031,NA,NA,1.229417291036435,0.8246777984023979,NA,NA,0.3969572381205455,0.3238663181541906,NA,NA,0.21527101404187793,0.14440111361232377,NA,NA,3821.944,3821.944,NA,NA,Europe,NA,High income
ARE,1.6471071363697922,1.6906562934559317,1.3218493836017755,0.7033373550139124,0.429335051572272,0.5635947098725517,0.5496034168334577,0.5496869512652147,0.6504911753545446,0.6676900215941997,0.522037298117658,0.2777686603569179,0.16955707139590118,0.22258016928796262,0.21705459511445194,0.2170875853246795,130.19,130.19,84049.5,84049.5,Asia,NA,High income
TTO,0.43527844944217836,0.5683547634318662,1.2729398791766988,0.7510308346564446,0.9648711789239584,0.49023311602916453,0.6709194828684004,0.649581029913276,0.2339875548797757,0.30552383553590473,0.6842794312909788,0.40372287869014406,0.5186745363105191,0.26352889348820213,0.36065835448266187,0.34918769142023537,16.71,16.71,14670.896,14670.896,Americas,SIDS,High income
THA,3.392843666604818,4.547119655924933,2.3113672090930546,2.8039228186762903,1.141341398668026,0.8440729386765711,0.861598010746319,0.8663763535237206,2.048163820511563,2.7449676088736794,1.3953070517742128,1.6926489508626348,0.6889955415903911,0.5095429747873467,0.5201223654378551,0.5230069159094864,678979.043,678979.043,2338579.686,2338579.686,Asia,NA,Upper middle income
TJK,1.471496317311596,1.4648716038609972,NA,NA,0.6599501512629146,0.3703948149828411,NA,NA,1.10602615502103,1.1010467974380846,NA,NA,0.49604074418645266,0.2784012085083927,NA,NA,1599.679,1599.679,NA,NA,Asia,NA,Lower middle income
TON,0.10134384448150195,0.06032658857016744,1.2186356293166978,0.7316240265595865,NA,NA,0.003811199081102472,0.003811199081102472,0.061386814992062805,0.0365415102476708,0.7381618518848938,0.4431652360529807,NA,NA,0.002308550401719375,0.002308550401719375,NA,NA,2095.039,2095.039,Oceania,SIDS,Upper middle income
TGO,1.3360147090447896,1.45893559534402,1.147622271711146,0.6623595902049199,1.3864157328964226,0.8281775561105847,0.903999875198411,0.9019367164736621,1.0868342376331879,1.1868291155681292,0.9335789256824986,0.5388227205777427,1.1278349526424456,0.6737139319850024,0.7353946094532288,0.7337162510305645,6188.4,6188.4,20892.8,20892.8,Africa,NA,Low income
TUN,1.3856910353211935,1.3818583180234965,1.5233065227477578,0.8734773133349393,0.8349219441834176,0.8796523104567435,1.0238433830815146,1.0491375731154082,0.8674748105977024,0.8650754404443668,0.9536253058002627,0.5468171097541829,0.522680552109146,0.5506828015441545,0.6409497659876819,0.6567845171331912,1784.9,1784.9,131665.74,131665.74,Africa,NA,Lower middle income
TUR,1.7905740699512023,1.3758588498277065,1.506853805141108,0.8889751202890084,1.4120944145762728,1.2102192436675274,1.0817109793569823,1.1199048780067202,1.0233967229151006,0.786367602288459,0.8612373383333906,0.5080908073697405,0.807077920190958,0.6916968299512416,0.6182483539736443,0.6400779511790582,148446.95,148446.95,554553.51,554553.51,Asia,NA,Upper middle income
TKM,1.688554024508461,1.5910936228544579,1.4318164021950182,0.7096032649926257,0.36352473538926483,0.233143829731594,0.46256622522480384,0.459354272051784,1.2361512848533338,1.164802782538172,1.048199619057306,0.519484111864352,0.26612803748356245,0.17067919681292537,0.338634017829456,0.3362826213185431,16546.9,16546.9,NA,NA,Asia,NA,Upper middle income
TZA,1.6947729884440645,1.5093542927266081,1.3537127457560922,0.7503760046162762,0.4672799934809412,0.31528078384266217,0.3237006323553816,0.31844110509252505,1.3188986378197498,1.1746029316245605,1.0534802646436388,0.5839542505628604,0.3636445418263613,0.24535639827643752,0.25190885504191235,0.24781580931256905,352237.282,352237.282,75829.774,75829.774,Africa,NA,Lower middle income
UGA,1.8717525802906685,1.59232382539134,NA,NA,0.5529191676959414,0.35602087277804195,NA,NA,1.4588799856789938,1.2410878360977036,NA,NA,0.43095584103569445,0.27748952038265406,NA,NA,582490.32,582490.32,NA,NA,Africa,NA,Low income
GBR,2.9337923219957682,2.486079933421043,2.0418322747216355,1.7368102416121063,1.0247578527304,0.8404914877654088,0.8669840780764365,0.910900036995121,0.8862663299989699,0.7510173512139723,0.6168150291428851,0.5246712342920932,0.3095680544487793,0.2539032162135086,0.2619063357973612,0.2751728630315627,13776.383,13776.383,945111.101,945111.101,Europe,NA,High income
UKR,2.010223657833546,1.6895612473961956,1.3688689168062422,0.6918452333853463,1.429327444577045,0.8250643574707008,0.9074000313118753,0.9050566948656334,1.2910501368670406,1.0851072571929339,0.8791451615390717,0.4443320919899958,0.9179741695696487,0.5298910136122115,0.5827704444991454,0.5812654553264945,43834.904,43834.904,NA,NA,Europe,NA,Lower middle income
USA,4.818516339541081,2.0654687458252576,3.142262745720706,2.8114704881864476,0.946273057124576,0.885619793429727,0.5522013069239985,0.5932583473304318,1.4154093703719803,0.6067186683712619,0.9230202454574361,0.8258520658834962,0.2779618574692282,0.26014533642252186,0.16220571833244435,0.17426596999832153,311196.153,311196.153,5584749.927,5584749.927,Americas,NA,High income
BFA,1.3518227537475906,1.4799958629938086,NA,NA,1.0073307611930982,0.555110875789173,NA,NA,1.111350408338892,1.2167231259558695,NA,NA,0.8281392288158709,0.4563636000144201,NA,NA,22480,22480,NA,NA,Africa,NA,Low income
URY,1.6932436077191924,1.5179583502782734,1.2554983796684276,0.7066518904811544,0.7614342223617301,0.5571638944421724,0.5785533775975822,0.5764237338419419,0.7890439899751627,0.7073618396428147,0.5850566607101086,0.329296637912488,0.35482496090755794,0.2596358966521844,0.2696033006662972,0.2686108961484147,3612.878,3612.878,76741.211,76741.211,Americas,NA,High income
UZB,1.9590874970409675,1.94021818660392,NA,NA,0.7318419091491458,0.4239656737910459,NA,NA,1.4012323010898924,1.3877360752584176,NA,NA,0.5234480460622496,0.3032403593849953,NA,NA,56622.43,56622.43,NA,NA,Asia,NA,Lower middle income
VCT,0.17936621739523723,0.19206576812380785,1.2911415422072456,0.8712317810437827,0.15573885767156803,0.07794725883578402,0.0526638629587705,0.049404851326072106,0.09820181072157004,0.10515473025684693,0.7068914045458302,0.4769936039190271,0.08526598846290306,0.04267560563865771,0.028833114603448225,0.02704882741636647,NA,NA,40430.08,40430.08,Americas,SIDS,Upper middle income
VEN,1.4612093260827617,1.3378791698167682,1.3967184850580519,0.9286204077474384,0.726599248520908,0.5538361241435533,0.5995363122921156,0.5989022837760032,1.07199653734451,0.9815170296467784,1.0246837006175094,0.6812698521993404,0.5330597502684016,0.40631441145384944,0.43984173883724764,0.4393765923577406,39730.942,39730.942,268768.539,268768.539,Americas,NA,NA
VGB,0.1262728161527401,0.002545632305480272,1.448673394497173,1.0385654607323629,NA,NA,9.391909537625448e-4,8.373647297125385e-4,NA,NA,NA,NA,NA,NA,NA,NA,NA,NA,1327.2,1327.2,Americas,SIDS,High income
VNM,2.3961304497093114,2.0984970192465977,1.4655035576408972,1.0495887584314394,1.3616741695135937,0.9609328695179675,1.093194197187454,1.1058735850399006,1.5983113654676606,1.3997783954829106,0.9775473587403802,0.7001161568109016,0.9082891549002868,0.6409792617878318,0.7292026651720791,0.7376603055790097,2698222.086,2698222.086,3972281.076,3972281.076,Asia,NA,Lower middle income
VIR,0.32131990623678464,0.14282580655569962,1.5800928058055599,1.1296328527559534,0.049090428951172944,0.024578864475586475,0.05008106140355335,0.049736632890548825,0.16678364645554014,0.07413486797098458,0.8201597061845765,0.5863448939256651,0.02548077659561429,0.012757854597262287,0.025994972228994828,0.025816193876869262,NA,NA,728.04,728.04,Americas,SIDS,High income
"NAM",1.422695255653772,1.4392634438102458,1.2366654060396975,0.6904699204425206,0.5394301609223786,0.3120034414929412,0.309159734004005,0.3081920074083762,0.9024107695874586,0.9129199150741938,0.7844126676824008,0.4379627258946602,0.3421587193196596,0.19790272346286655,0.1960989694590667,0.19548514376558726,3141.24,3141.24,520455.692,520455.692,Africa,NA,Upper middle income
ESH,1.2422425129763797,1.4268336859916257,1.1222482065400323,0.5779456420043284,0.2796791416250003,0.14033844482687305,0.14577158663198722,0.14576673281098795,NA,NA,NA,NA,NA,NA,NA,NA,NA,NA,NA,NA,Africa,NA,NA
WSM,1.168503249281494,1.1156909801945647,1.1942344251391477,0.7219640021166377,0.04888886669027089,0.02972123049185207,0.08725003334078726,0.08725003334078726,0.6761851995401565,0.6456239882361468,0.6910752225609816,0.4177834962223927,0.028290831111150154,0.017198973287468,0.05048953115081415,0.05048953115081415,NA,NA,10565.611,10565.611,Oceania,SIDS,Lower middle income
SWZ,1.4751227869973593,1.5415823616218869,NA,NA,1.0830236144079186,0.5879448972452571,NA,NA,1.0844920360921664,1.1333522937179625,NA,NA,0.7962255719172505,0.43224981970578824,NA,NA,179.9,179.9,NA,NA,Africa,NA,Lower middle income
YEM,1.8232460904812722,2.057979063093441,1.318746501118584,0.7372031894194462,0.23631812047492473,0.20449195038348636,0.393670175286668,0.39422417972209395,1.6668076022977956,1.8813999742779524,1.2055951772192501,0.6739495490914019,0.21604151070158398,0.1869460953666034,0.35989241627416174,0.36039888592161945,NA,NA,194867.1,194867.1,Asia,NA,Low income
ZMB,1.5463053087598915,1.3465830601806508,NA,NA,0.8763708854042598,0.504099593708867,NA,NA,1.1309166524879073,0.9848463935868785,NA,NA,0.6409487327273647,0.3686818002939869,NA,NA,116568.61,116568.61,NA,NA,Africa,NA,Lower middle income
ZWE,1.5415557347690958,1.4900909114144425,NA,NA,0.9453506691236209,0.5022842343556005,NA,NA,1.2639146242813275,1.2217188467256461,NA,NA,0.7750887683334097,0.41182058814310996,NA,NA,29145.018,29145.018,NA,NA,Africa,NA,Lower middle income
SSD,1.5136297784624564,1.738388045275686,NA,NA,0.577675527213318,0.28982365077740496,NA,NA,1.4367904504226463,1.6501388768382694,NA,NA,0.5483498625311631,0.27511076993120354,NA,NA,28016.5,28016.5,NA,NA,Africa,NA,Low income
IDN,2.3018882573531414,1.9648257077707505,1.5216698868328273,1.1869839227001235,0.9189349385481141,0.6089016544573752,0.7275896209609414,0.835025299915447,1.476747888807757,1.2605095866651899,0.9762084608861952,0.7614948276906048,0.5895313233028172,0.3906333115167937,0.46677610576457634,0.535700134362353,3312070.276,3312070.276,16768244.05,16768244.05,Asia,NA,Lower middle income
TLS,1.1706146516807534,1.2074054052433414,1.3023448614204747,0.8625352343895707,0.6408182720456939,0.3815071249056709,0.3946228132559558,0.3912537739903756,0.9469202822457671,0.9766806399326459,1.0534779843964566,0.6977121860062224,0.5183634240033747,0.308604401863381,0.3192137952249518,0.31648855032247275,80.9,80.9,4845.77,4845.77,Asia,SIDS,Lower middle income
ABW,NA,NA,1.243558270485169,0.783068192115424,0.1737004646756322,0.0868502323378161,0.10232303429785415,0.09986219554973119,NA,NA,0.6199281187734891,0.3903685116581446,0.08659168199205812,0.04329584099602906,0.05100921095938337,0.0497824545041884,NA,NA,167.9,167.9,Americas,NA,High income
AIA,NA,NA,1.3560016881763977,0.9645924134631417,NA,NA,2.930457034431903e-4,2.987302184001566e-4,NA,NA,0.2683387070465884,0.1908828604806105,NA,NA,5.799071332518447e-5,5.911562003218918e-5,NA,NA,855,855,Americas,NA,NA
ASM,NA,NA,1.2030468494569913,0.7027122989288433,NA,NA,0.008870093392980123,0.008870093392980123,NA,NA,0.7073450574357546,0.4131676764466717,NA,NA,0.005215272142851271,0.005215272142851271,NA,NA,4333.6,4333.6,Oceania,NA,Upper middle income
BES,NA,NA,1.256520643195376,0.8009234528261095,0.04106680174245221,0.020533400871226105,0.07840123975682328,0.07719954922538694,NA,NA,NA,NA,NA,NA,NA,NA,NA,NA,222.17,222.17,Americas,NA,NA
BLM,NA,NA,1.4976946784263694,1.0074173138286158,NA,NA,2.662668300760074e-4,2.1950386122600744e-4,NA,NA,NA,NA,NA,NA,NA,NA,NA,NA,NA,NA,NA,NA,NA
CCK,NA,NA,1.3810295182263428,1.0124510616171427,NA,NA,7.410494739669905e-5,7.410494739669905e-5,NA,NA,NA,NA,NA,NA,NA,NA,NA,NA,NA,NA,Asia,NA,NA
COM,NA,NA,1.3284812124666747,0.8759807761818835,0.2308945977431883,0.11561410199320728,0.0720305757798393,0.0700986977678412,NA,NA,1.0572589344874013,0.6971408352383737,0.1837552342464791,0.09201036577558852,0.0573248376302629,0.055787371184100425,NA,NA,28260.3,28260.3,Africa,NA,Lower middle income
CUW,NA,NA,1.2523131024668515,0.7837380983552872,0.11327495792748289,0.056637478963741446,0.07230265494642632,0.07054029443341016,NA,NA,1.1109980274770968,0.6952985476365109,0.10049264402974319,0.05024632201487159,0.06414378869677527,0.06258029866396511,NA,NA,26714.4,26714.4,Americas,NA,High income
CXR,NA,NA,1.2656435373946926,0.7697402744129299,0.12338274152508595,0.061691370762542976,0.10793646843067085,0.10687860402686133,NA,NA,NA,NA,NA,NA,NA,NA,NA,NA,NA,NA,Asia,NA,NA
FSM,NA,NA,1.4027255051903385,1.0498409415586536,NA,NA,3.660811753488379e-4,3.660811753488379e-4,NA,NA,0.9291045363023664,0.6953691064922478,NA,NA,2.424762930544667e-4,2.424762930544667e-4,NA,NA,81502.6,81502.6,Oceania,NA,Lower middle income
HMD,NA,NA,1.0646490034791336,0.518458427431312,-0.01114284258697285,-0.005571421293486425,0.07971502156914831,0.07971502156914831,NA,NA,NA,NA,NA,NA,NA,NA,NA,NA,NA,NA,Antartica,NA,NA
KIR,NA,NA,1.16126421858561,0.6090732278461078,NA,NA,0.004918804472116329,0.004918804472116329,NA,NA,0.7678098035484099,0.40270972611961176,NA,NA,0.0032522368596085826,0.0032522368596085826,NA,NA,NA,NA,Oceania,NA,Lower middle income
MNP,NA,NA,1.5857201640657963,1.3180962745158036,NA,NA,4.841986991436004e-4,4.841986991436004e-4,NA,NA,1.420956391492848,1.1811398809950606,NA,NA,4.3388818020483554e-4,4.3388818020483554e-4,NA,NA,882.305,882.305,Oceania,NA,High income
MSR,NA,NA,0.3418544080325386,0.5501095914113344,NA,NA,6.187825820907102e-5,5.490503196811405e-5,NA,NA,NA,NA,NA,NA,NA,NA,NA,NA,38.4,38.4,Americas,NA,NA
MYT,NA,NA,1.3825926983614865,0.9987785446044223,0.16092508863632554,0.08046254431816277,0.044157800882214895,0.04035308668259026,NA,NA,NA,NA,NA,NA,NA,NA,NA,NA,NA,NA,Africa,NA,NA
NFK,NA,NA,1.2480156166760625,0.7036746131263854,NA,NA,2.6375632986642506e-4,2.6375632986642506e-4,NA,NA,NA,NA,NA,NA,NA,NA,NA,NA,NA,NA,Oceania,NA,NA
NIU,NA,NA,1.163684357105957,0.6758519872798847,0.0956455326504653,0.04782276632523265,0.11943290646949911,0.11943290646949911,NA,NA,0.5746584018302818,0.3337537541966932,0.04723231742309812,0.02361615871154906,0.05897915765439703,0.05897915765439703,NA,NA,60.4,60.4,Oceania,NA,NA
NRU,NA,NA,1.170189462635758,0.596377907698965,NA,NA,NA,NA,NA,NA,0.8337095609490477,0.42489355737958806,NA,NA,NA,NA,NA,NA,NA,NA,Oceania,NA,High income
PCN,NA,NA,0.9757397220218238,0.49472019238925036,NA,NA,4.952180852949614e-4,4.952180852949614e-4,NA,NA,NA,NA,NA,NA,NA,NA,NA,NA,3.3,3.3,Oceania,NA,NA
PLW,NA,NA,1.4594856329212182,1.1423470292415268,0.04937342573147325,0.024686712865736624,0.06627298790126149,0.06618621395989191,NA,NA,0.7596345174688757,0.5945699051542032,0.025697929178133665,0.012848964589066833,0.03449382991515401,0.034448665728817204,NA,NA,2009.195,2009.195,Oceania,NA,High income
REU,NA,NA,1.664503075009139,1.5761643504075638,0.22827171402788005,0.11448203482438303,0.11225046877159836,0.11224134992396913,NA,NA,0.40370862990022177,0.38228295276481655,0.05536502893793976,0.027766476446363663,0.02722523234340723,0.027223020657806924,66.8,66.8,3094.3,3094.3,Africa,NA,NA
SPM,NA,NA,1.505341920627901,0.82423075547122715,NA,NA,0.001152902851861359,6.582906186475545e-4,NA,NA,NA,NA,NA,NA,NA,NA,NA,NA,2897.8,2897.8,Americas,NA,NA
STP,NA,NA,1.2356352416414793,0.6413507572611837,0.17710553997765152,0.08858001998882575,0.13196954791740848,0.12197013116509743,NA,NA,0.8695479456691568,0.4513348394700718,0.12463367283828035,0.06233601293719416,0.09287032727394953,0.08583348338844253,NA,NA,8964.11,8964.11,Africa,NA,Lower middle income
TCA,NA,NA,1.4044156600371616,1.0546690215750547,NA,NA,0.006537091281279426,0.003321455005821351,NA,NA,1.2011214517926625,0.9020018947392375,NA,NA,0.005590823852009551,0.0028406624706467484,NA,NA,2826.1,2826.1,Americas,NA,High income
TKL,NA,NA,1.1109352693497683,0.5913588922374208,NA,NA,0.008627159090980802,0.008627159090980802,NA,NA,NA,NA,NA,NA,NA,NA,NA,NA,139.7,139.7,Oceania,NA,NA
TUV,NA,NA,1.1198546814321584,0.6068459879365612,NA,NA,4.748961972184286e-5,4.748961972184286e-5,NA,NA,0.7794358428559829,0.4223740114978121,NA,NA,3.3053495590576854e-5,3.3053495590576854e-5,NA,NA,10631,10631,Oceania,NA,Upper middle income
UMI,NA,NA,1.2237759492543268,0.6750972417448761,NA,NA,2.8300141009149246e-5,2.8300141009149246e-5,NA,NA,NA,NA,NA,NA,NA,NA,NA,NA,NA,NA,NA,NA,NA
WLF,NA,NA,1.1821428023632836,0.722295882244583,NA,NA,2.4916072485112997e-4,2.4916072485112997e-4,NA,NA,NA,NA,NA,NA,NA,NA,NA,NA,336,336,Oceania,NA,NA
LIE,NA,NA,NA,NA,1.4450686425800054,0.7225343212900027,NA,NA,NA,NA,NA,NA,0.07554296576148925,0.037771482880744625,NA,NA,NA,NA,NA,NA,Europe,NA,High income
